Ref,Val,Package,PosX,PosY,Rot,Side
"J2","Conn_01x05","Harwin_M20-89005xx_1x05_P2.54mm_Horizontal",111.892000,-160.000000,0.000000,bottom
"J2","Conn_01x05","Harwin_M20-89005xx_1x05_P2.54mm_Horizontal",111.892000,-140.000000,0.000000,bottom
"J2","Conn_01x05","Harwin_M20-89005xx_1x05_P2.54mm_Horizontal",111.892000,-120.000000,0.000000,bottom
"J2","Conn_01x05","Harwin_M20-89005xx_1x05_P2.54mm_Horizontal",111.892000,-100.000000,0.000000,bottom
"J2","Conn_01x05","Harwin_M20-89005xx_1x05_P2.54mm_Horizontal",111.892000,-80.000000,0.000000,bottom
