Ref,Val,Package,PosX,PosY,Rot,Side
"J2","Conn_01x05","Harwin_M20-89005xx_1x05_P2.54mm_Horizontal",4.019374,-2.292756,0.000000,bottom
"J5","Conn_01x05","Harwin_M20-89005xx_1x05_P2.54mm_Horizontal",4.019374,-3.080157,0.000000,bottom
"J8","Conn_01x05","Harwin_M20-89005xx_1x05_P2.54mm_Horizontal",4.019374,-3.867559,0.000000,bottom
"J11","Conn_01x05","Harwin_M20-89005xx_1x05_P2.54mm_Horizontal",4.019374,-4.654961,0.000000,bottom
"J14","Conn_01x05","Harwin_M20-89005xx_1x05_P2.54mm_Horizontal",4.019374,-5.442362,0.000000,bottom
