Ref,Val,Package,PosX,PosY,Rot,Side
"C1","10nF","C_0603_1608Metric_Pad1.08x0.95mm_HandSolder",70.617000,-82.776000,0.000000,top
"C1","10nF","C_0603_1608Metric_Pad1.08x0.95mm_HandSolder",70.617000,-122.776000,0.000000,top
"C1","10nF","C_0603_1608Metric_Pad1.08x0.95mm_HandSolder",70.617000,-142.776000,0.000000,top
"C1","10nF","C_0603_1608Metric_Pad1.08x0.95mm_HandSolder",70.617000,-102.776000,0.000000,top
"C1","10nF","C_0603_1608Metric_Pad1.08x0.95mm_HandSolder",70.617000,-162.776000,0.000000,top
"C2","10uF","C_0603_1608Metric_Pad1.08x0.95mm_HandSolder",70.617000,-104.300000,0.000000,top
"C2","10uF","C_0603_1608Metric_Pad1.08x0.95mm_HandSolder",70.617000,-164.300000,0.000000,top
"C2","10uF","C_0603_1608Metric_Pad1.08x0.95mm_HandSolder",70.617000,-144.300000,0.000000,top
"C2","10uF","C_0603_1608Metric_Pad1.08x0.95mm_HandSolder",70.617000,-124.300000,0.000000,top
"C2","10uF","C_0603_1608Metric_Pad1.08x0.95mm_HandSolder",70.617000,-84.300000,0.000000,top
"C3","10uF","C_0603_1608Metric_Pad1.08x0.95mm_HandSolder",78.872000,-131.727000,90.000000,top
"C3","10uF","C_0603_1608Metric_Pad1.08x0.95mm_HandSolder",78.872000,-151.727000,90.000000,top
"C3","10uF","C_0603_1608Metric_Pad1.08x0.95mm_HandSolder",78.872000,-91.727000,90.000000,top
"C3","10uF","C_0603_1608Metric_Pad1.08x0.95mm_HandSolder",78.872000,-71.727000,90.000000,top
"C3","10uF","C_0603_1608Metric_Pad1.08x0.95mm_HandSolder",78.872000,-111.727000,90.000000,top
"C4","10nF","C_0603_1608Metric_Pad1.08x0.95mm_HandSolder",90.154500,-107.221000,180.000000,top
"C4","10nF","C_0603_1608Metric_Pad1.08x0.95mm_HandSolder",90.154500,-127.221000,180.000000,top
"C4","10nF","C_0603_1608Metric_Pad1.08x0.95mm_HandSolder",90.154500,-167.221000,180.000000,top
"C4","10nF","C_0603_1608Metric_Pad1.08x0.95mm_HandSolder",90.154500,-147.221000,180.000000,top
"C4","10nF","C_0603_1608Metric_Pad1.08x0.95mm_HandSolder",90.154500,-87.221000,180.000000,top
"C5","20pF","C_0603_1608Metric_Pad1.08x0.95mm_HandSolder",94.559500,-105.010000,0.000000,top
"C5","20pF","C_0603_1608Metric_Pad1.08x0.95mm_HandSolder",94.559500,-125.010000,0.000000,top
"C5","20pF","C_0603_1608Metric_Pad1.08x0.95mm_HandSolder",94.559500,-145.010000,0.000000,top
"C5","20pF","C_0603_1608Metric_Pad1.08x0.95mm_HandSolder",94.559500,-85.010000,0.000000,top
"C5","20pF","C_0603_1608Metric_Pad1.08x0.95mm_HandSolder",94.559500,-165.010000,0.000000,top
"C6","20pF","C_0603_1608Metric_Pad1.08x0.95mm_HandSolder",94.279000,-96.882000,0.000000,top
"C6","20pF","C_0603_1608Metric_Pad1.08x0.95mm_HandSolder",94.279000,-156.882000,0.000000,top
"C6","20pF","C_0603_1608Metric_Pad1.08x0.95mm_HandSolder",94.279000,-116.882000,0.000000,top
"C6","20pF","C_0603_1608Metric_Pad1.08x0.95mm_HandSolder",94.279000,-76.882000,0.000000,top
"C6","20pF","C_0603_1608Metric_Pad1.08x0.95mm_HandSolder",94.279000,-136.882000,0.000000,top
"C7","18pF","C_0603_1608Metric_Pad1.08x0.95mm_HandSolder",74.935000,-123.892500,-90.000000,top
"C7","18pF","C_0603_1608Metric_Pad1.08x0.95mm_HandSolder",74.935000,-103.892500,-90.000000,top
"C7","18pF","C_0603_1608Metric_Pad1.08x0.95mm_HandSolder",74.935000,-163.892500,-90.000000,top
"C7","18pF","C_0603_1608Metric_Pad1.08x0.95mm_HandSolder",74.935000,-143.892500,-90.000000,top
"C7","18pF","C_0603_1608Metric_Pad1.08x0.95mm_HandSolder",74.935000,-83.892500,-90.000000,top
"C8","10nF","C_0603_1608Metric_Pad1.08x0.95mm_HandSolder",91.010500,-92.616000,0.000000,top
"C8","10nF","C_0603_1608Metric_Pad1.08x0.95mm_HandSolder",91.010500,-152.616000,0.000000,top
"C8","10nF","C_0603_1608Metric_Pad1.08x0.95mm_HandSolder",91.010500,-72.616000,0.000000,top
"C8","10nF","C_0603_1608Metric_Pad1.08x0.95mm_HandSolder",91.010500,-112.616000,0.000000,top
"C8","10nF","C_0603_1608Metric_Pad1.08x0.95mm_HandSolder",91.010500,-132.616000,0.000000,top
"C9","18pF","C_0603_1608Metric_Pad1.08x0.95mm_HandSolder",73.411000,-163.892500,-90.000000,top
"C9","18pF","C_0603_1608Metric_Pad1.08x0.95mm_HandSolder",73.411000,-103.892500,-90.000000,top
"C9","18pF","C_0603_1608Metric_Pad1.08x0.95mm_HandSolder",73.411000,-123.892500,-90.000000,top
"C9","18pF","C_0603_1608Metric_Pad1.08x0.95mm_HandSolder",73.411000,-83.892500,-90.000000,top
"C9","18pF","C_0603_1608Metric_Pad1.08x0.95mm_HandSolder",73.411000,-143.892500,-90.000000,top
"D1","LEDB","LED_0603_1608Metric_Pad1.05x0.95mm_HandSolder",86.125000,-151.092000,180.000000,top
"D1","LEDB","LED_0603_1608Metric_Pad1.05x0.95mm_HandSolder",86.125000,-71.092000,180.000000,top
"D1","LEDB","LED_0603_1608Metric_Pad1.05x0.95mm_HandSolder",86.125000,-111.092000,180.000000,top
"D1","LEDB","LED_0603_1608Metric_Pad1.05x0.95mm_HandSolder",86.125000,-131.092000,180.000000,top
"D1","LEDB","LED_0603_1608Metric_Pad1.05x0.95mm_HandSolder",86.125000,-91.092000,180.000000,top
"D2","LEDG","LED_0603_1608Metric_Pad1.05x0.95mm_HandSolder",86.111000,-152.616000,180.000000,top
"D2","LEDG","LED_0603_1608Metric_Pad1.05x0.95mm_HandSolder",86.111000,-112.616000,180.000000,top
"D2","LEDG","LED_0603_1608Metric_Pad1.05x0.95mm_HandSolder",86.111000,-92.616000,180.000000,top
"D2","LEDG","LED_0603_1608Metric_Pad1.05x0.95mm_HandSolder",86.111000,-132.616000,180.000000,top
"D2","LEDG","LED_0603_1608Metric_Pad1.05x0.95mm_HandSolder",86.111000,-72.616000,180.000000,top
"D3","LEDR","LED_0603_1608Metric_Pad1.05x0.95mm_HandSolder",77.705500,-105.570000,0.000000,top
"D3","LEDR","LED_0603_1608Metric_Pad1.05x0.95mm_HandSolder",77.705500,-145.570000,0.000000,top
"D3","LEDR","LED_0603_1608Metric_Pad1.05x0.95mm_HandSolder",77.705500,-85.570000,0.000000,top
"D3","LEDR","LED_0603_1608Metric_Pad1.05x0.95mm_HandSolder",77.705500,-165.570000,0.000000,top
"D3","LEDR","LED_0603_1608Metric_Pad1.05x0.95mm_HandSolder",77.705500,-125.570000,0.000000,top
"J1","Conn_01x04","PinHeader_1x04_P2.54mm_Vertical",71.252000,-168.110000,90.000000,top
"J1","Conn_01x04","PinHeader_1x04_P2.54mm_Vertical",71.252000,-128.110000,90.000000,top
"J1","Conn_01x04","PinHeader_1x04_P2.54mm_Vertical",71.252000,-148.110000,90.000000,top
"J1","Conn_01x04","PinHeader_1x04_P2.54mm_Vertical",71.252000,-108.110000,90.000000,top
"J1","Conn_01x04","PinHeader_1x04_P2.54mm_Vertical",71.252000,-88.110000,90.000000,top
"J3","Conn_01x05","Harwin_M20-89005xx_1x05_P2.54mm_Horizontal",111.892000,-99.982000,0.000000,top
"J3","Conn_01x05","Harwin_M20-89005xx_1x05_P2.54mm_Horizontal",111.892000,-79.982000,0.000000,top
"J3","Conn_01x05","Harwin_M20-89005xx_1x05_P2.54mm_Horizontal",111.892000,-159.982000,0.000000,top
"J3","Conn_01x05","Harwin_M20-89005xx_1x05_P2.54mm_Horizontal",111.892000,-119.982000,0.000000,top
"J3","Conn_01x05","Harwin_M20-89005xx_1x05_P2.54mm_Horizontal",111.892000,-139.982000,0.000000,top
"P1","USB_C_Plug_USB2.0","USB_C_Receptacle_GCT_USB4105-xx-A_16P_TopMnt_Horizontal",64.155000,-160.000000,-90.000000,top
"P1","USB_C_Plug_USB2.0","USB_C_Receptacle_GCT_USB4105-xx-A_16P_TopMnt_Horizontal",64.155000,-100.000000,-90.000000,top
"P1","USB_C_Plug_USB2.0","USB_C_Receptacle_GCT_USB4105-xx-A_16P_TopMnt_Horizontal",64.155000,-140.000000,-90.000000,top
"P1","USB_C_Plug_USB2.0","USB_C_Receptacle_GCT_USB4105-xx-A_16P_TopMnt_Horizontal",64.155000,-80.000000,-90.000000,top
"P1","USB_C_Plug_USB2.0","USB_C_Receptacle_GCT_USB4105-xx-A_16P_TopMnt_Horizontal",64.155000,-120.000000,-90.000000,top
"R1","10K","R_0603_1608Metric_Pad0.98x0.95mm_HandSolder",64.671500,-112.489000,180.000000,top
"R1","10K","R_0603_1608Metric_Pad0.98x0.95mm_HandSolder",64.671500,-92.489000,180.000000,top
"R1","10K","R_0603_1608Metric_Pad0.98x0.95mm_HandSolder",64.671500,-72.489000,180.000000,top
"R1","10K","R_0603_1608Metric_Pad0.98x0.95mm_HandSolder",64.671500,-152.489000,180.000000,top
"R1","10K","R_0603_1608Metric_Pad0.98x0.95mm_HandSolder",64.671500,-132.489000,180.000000,top
"R2","10K","R_0603_1608Metric_Pad0.98x0.95mm_HandSolder",90.154500,-165.697000,0.000000,top
"R2","10K","R_0603_1608Metric_Pad0.98x0.95mm_HandSolder",90.154500,-105.697000,0.000000,top
"R2","10K","R_0603_1608Metric_Pad0.98x0.95mm_HandSolder",90.154500,-85.697000,0.000000,top
"R2","10K","R_0603_1608Metric_Pad0.98x0.95mm_HandSolder",90.154500,-145.697000,0.000000,top
"R2","10K","R_0603_1608Metric_Pad0.98x0.95mm_HandSolder",90.154500,-125.697000,0.000000,top
"R3","10K","R_0603_1608Metric_Pad0.98x0.95mm_HandSolder",85.198500,-128.237000,180.000000,top
"R3","10K","R_0603_1608Metric_Pad0.98x0.95mm_HandSolder",85.198500,-108.237000,180.000000,top
"R3","10K","R_0603_1608Metric_Pad0.98x0.95mm_HandSolder",85.198500,-88.237000,180.000000,top
"R3","10K","R_0603_1608Metric_Pad0.98x0.95mm_HandSolder",85.198500,-168.237000,180.000000,top
"R3","10K","R_0603_1608Metric_Pad0.98x0.95mm_HandSolder",85.198500,-148.237000,180.000000,top
"R4","10K","R_0603_1608Metric_Pad0.98x0.95mm_HandSolder",90.151500,-128.872000,0.000000,top
"R4","10K","R_0603_1608Metric_Pad0.98x0.95mm_HandSolder",90.151500,-108.872000,0.000000,top
"R4","10K","R_0603_1608Metric_Pad0.98x0.95mm_HandSolder",90.151500,-88.872000,0.000000,top
"R4","10K","R_0603_1608Metric_Pad0.98x0.95mm_HandSolder",90.151500,-148.872000,0.000000,top
"R4","10K","R_0603_1608Metric_Pad0.98x0.95mm_HandSolder",90.151500,-168.872000,0.000000,top
"R5","4K7","R_0603_1608Metric_Pad0.98x0.95mm_HandSolder",79.657500,-136.426000,0.000000,top
"R5","4K7","R_0603_1608Metric_Pad0.98x0.95mm_HandSolder",79.657500,-116.426000,0.000000,top
"R5","4K7","R_0603_1608Metric_Pad0.98x0.95mm_HandSolder",79.657500,-96.426000,0.000000,top
"R5","4K7","R_0603_1608Metric_Pad0.98x0.95mm_HandSolder",79.657500,-156.426000,0.000000,top
"R5","4K7","R_0603_1608Metric_Pad0.98x0.95mm_HandSolder",79.657500,-76.426000,0.000000,top
"R6","1K5","R_0603_1608Metric_Pad0.98x0.95mm_HandSolder",82.799500,-131.092000,0.000000,top
"R6","1K5","R_0603_1608Metric_Pad0.98x0.95mm_HandSolder",82.799500,-111.092000,0.000000,top
"R6","1K5","R_0603_1608Metric_Pad0.98x0.95mm_HandSolder",82.799500,-91.092000,0.000000,top
"R6","1K5","R_0603_1608Metric_Pad0.98x0.95mm_HandSolder",82.799500,-151.092000,0.000000,top
"R6","1K5","R_0603_1608Metric_Pad0.98x0.95mm_HandSolder",82.799500,-71.092000,0.000000,top
"R7","1K5","R_0603_1608Metric_Pad0.98x0.95mm_HandSolder",82.799500,-72.616000,0.000000,top
"R7","1K5","R_0603_1608Metric_Pad0.98x0.95mm_HandSolder",82.799500,-152.616000,0.000000,top
"R7","1K5","R_0603_1608Metric_Pad0.98x0.95mm_HandSolder",82.799500,-112.616000,0.000000,top
"R7","1K5","R_0603_1608Metric_Pad0.98x0.95mm_HandSolder",82.799500,-92.616000,0.000000,top
"R7","1K5","R_0603_1608Metric_Pad0.98x0.95mm_HandSolder",82.799500,-132.616000,0.000000,top
"R8","470","R_0603_1608Metric_Pad0.98x0.95mm_HandSolder",77.705500,-104.046000,0.000000,top
"R8","470","R_0603_1608Metric_Pad0.98x0.95mm_HandSolder",77.705500,-84.046000,0.000000,top
"R8","470","R_0603_1608Metric_Pad0.98x0.95mm_HandSolder",77.705500,-124.046000,0.000000,top
"R8","470","R_0603_1608Metric_Pad0.98x0.95mm_HandSolder",77.705500,-144.046000,0.000000,top
"R8","470","R_0603_1608Metric_Pad0.98x0.95mm_HandSolder",77.705500,-164.046000,0.000000,top
"R9","4K7","R_0603_1608Metric_Pad0.98x0.95mm_HandSolder",94.596500,-107.288000,180.000000,top
"R9","4K7","R_0603_1608Metric_Pad0.98x0.95mm_HandSolder",94.596500,-87.288000,180.000000,top
"R9","4K7","R_0603_1608Metric_Pad0.98x0.95mm_HandSolder",94.596500,-147.288000,180.000000,top
"R9","4K7","R_0603_1608Metric_Pad0.98x0.95mm_HandSolder",94.596500,-127.288000,180.000000,top
"R9","4K7","R_0603_1608Metric_Pad0.98x0.95mm_HandSolder",94.596500,-167.288000,180.000000,top
"R10","4K7","R_0603_1608Metric_Pad0.98x0.95mm_HandSolder",94.596500,-168.872000,0.000000,top
"R10","4K7","R_0603_1608Metric_Pad0.98x0.95mm_HandSolder",94.596500,-108.872000,0.000000,top
"R10","4K7","R_0603_1608Metric_Pad0.98x0.95mm_HandSolder",94.596500,-148.872000,0.000000,top
"R10","4K7","R_0603_1608Metric_Pad0.98x0.95mm_HandSolder",94.596500,-128.872000,0.000000,top
"R10","4K7","R_0603_1608Metric_Pad0.98x0.95mm_HandSolder",94.596500,-88.872000,0.000000,top
"R11","10K","R_0603_1608Metric_Pad0.98x0.95mm_HandSolder",90.960500,-131.092000,180.000000,top
"R11","10K","R_0603_1608Metric_Pad0.98x0.95mm_HandSolder",90.960500,-71.092000,180.000000,top
"R11","10K","R_0603_1608Metric_Pad0.98x0.95mm_HandSolder",90.960500,-151.092000,180.000000,top
"R11","10K","R_0603_1608Metric_Pad0.98x0.95mm_HandSolder",90.960500,-111.092000,180.000000,top
"R11","10K","R_0603_1608Metric_Pad0.98x0.95mm_HandSolder",90.960500,-91.092000,180.000000,top
"R12","33","R_0603_1608Metric_Pad0.98x0.95mm_HandSolder",73.434500,-141.125000,180.000000,top
"R12","33","R_0603_1608Metric_Pad0.98x0.95mm_HandSolder",73.434500,-101.125000,180.000000,top
"R12","33","R_0603_1608Metric_Pad0.98x0.95mm_HandSolder",73.434500,-121.125000,180.000000,top
"R12","33","R_0603_1608Metric_Pad0.98x0.95mm_HandSolder",73.434500,-161.125000,180.000000,top
"R12","33","R_0603_1608Metric_Pad0.98x0.95mm_HandSolder",73.434500,-81.125000,180.000000,top
"R13","33","R_0603_1608Metric_Pad0.98x0.95mm_HandSolder",73.434500,-99.601000,180.000000,top
"R13","33","R_0603_1608Metric_Pad0.98x0.95mm_HandSolder",73.434500,-119.601000,180.000000,top
"R13","33","R_0603_1608Metric_Pad0.98x0.95mm_HandSolder",73.434500,-139.601000,180.000000,top
"R13","33","R_0603_1608Metric_Pad0.98x0.95mm_HandSolder",73.434500,-79.601000,180.000000,top
"R13","33","R_0603_1608Metric_Pad0.98x0.95mm_HandSolder",73.434500,-159.601000,180.000000,top
"RST1","RST","SW_Push_SPST_NO_Alps_SKRK",95.636000,-132.108000,180.000000,top
"RST1","RST","SW_Push_SPST_NO_Alps_SKRK",95.636000,-72.108000,180.000000,top
"RST1","RST","SW_Push_SPST_NO_Alps_SKRK",95.636000,-152.108000,180.000000,top
"RST1","RST","SW_Push_SPST_NO_Alps_SKRK",95.636000,-112.108000,180.000000,top
"RST1","RST","SW_Push_SPST_NO_Alps_SKRK",95.636000,-92.108000,180.000000,top
"U1","AMS1117-3.3","SOT-223-3_TabPin2",73.411000,-114.648000,0.000000,top
"U1","AMS1117-3.3","SOT-223-3_TabPin2",73.411000,-74.648000,0.000000,top
"U1","AMS1117-3.3","SOT-223-3_TabPin2",73.411000,-94.648000,0.000000,top
"U1","AMS1117-3.3","SOT-223-3_TabPin2",73.411000,-134.648000,0.000000,top
"U1","AMS1117-3.3","SOT-223-3_TabPin2",73.411000,-154.648000,0.000000,top
"U2","STM32F103CBTx","LQFP-48_7x7mm_P0.5mm",84.714000,-101.125000,180.000000,top
"U2","STM32F103CBTx","LQFP-48_7x7mm_P0.5mm",84.714000,-121.125000,180.000000,top
"U2","STM32F103CBTx","LQFP-48_7x7mm_P0.5mm",84.714000,-161.125000,180.000000,top
"U2","STM32F103CBTx","LQFP-48_7x7mm_P0.5mm",84.714000,-141.125000,180.000000,top
"U2","STM32F103CBTx","LQFP-48_7x7mm_P0.5mm",84.714000,-81.125000,180.000000,top
"Y1","8MHz","Crystal_SMD_5032-2Pin_5.0x3.2mm",93.985000,-140.871000,90.000000,top
"Y1","8MHz","Crystal_SMD_5032-2Pin_5.0x3.2mm",93.985000,-120.871000,90.000000,top
"Y1","8MHz","Crystal_SMD_5032-2Pin_5.0x3.2mm",93.985000,-160.871000,90.000000,top
"Y1","8MHz","Crystal_SMD_5032-2Pin_5.0x3.2mm",93.985000,-80.871000,90.000000,top
"Y1","8MHz","Crystal_SMD_5032-2Pin_5.0x3.2mm",93.985000,-100.871000,90.000000,top
