Ref,Val,Package,PosX,PosY,Rot,Side
"C1","10nF","C_0603_1608Metric_Pad1.08x0.95mm_HandSolder",2.394374,-2.402047,0.000000,top
"C2","10uF","C_0603_1608Metric_Pad1.08x0.95mm_HandSolder",2.394374,-2.462047,0.000000,top
"C3","10uF","C_0603_1608Metric_Pad1.08x0.95mm_HandSolder",2.719374,-1.967047,90.000000,top
"C4","10nF","C_0603_1608Metric_Pad1.08x0.95mm_HandSolder",3.163567,-2.577047,180.000000,top
"C5","20pF","C_0603_1608Metric_Pad1.08x0.95mm_HandSolder",3.336992,-2.490000,0.000000,top
"C6","20pF","C_0603_1608Metric_Pad1.08x0.95mm_HandSolder",3.325949,-2.170000,0.000000,top
"C7","18pF","C_0603_1608Metric_Pad1.08x0.95mm_HandSolder",2.504374,-2.446004,-90.000000,top
"C8","10nF","C_0603_1608Metric_Pad1.08x0.95mm_HandSolder",3.197268,-2.002047,0.000000,top
"C9","18pF","C_0603_1608Metric_Pad1.08x0.95mm_HandSolder",2.564374,-2.446004,-90.000000,top
"C10","10nF","C_0603_1608Metric_Pad1.08x0.95mm_HandSolder",2.394374,-3.189449,0.000000,top
"C11","10uF","C_0603_1608Metric_Pad1.08x0.95mm_HandSolder",2.394374,-3.249449,0.000000,top
"C12","10uF","C_0603_1608Metric_Pad1.08x0.95mm_HandSolder",2.719374,-2.754449,90.000000,top
"C13","10nF","C_0603_1608Metric_Pad1.08x0.95mm_HandSolder",3.163567,-3.364449,180.000000,top
"C14","20pF","C_0603_1608Metric_Pad1.08x0.95mm_HandSolder",3.336992,-3.277402,0.000000,top
"C15","20pF","C_0603_1608Metric_Pad1.08x0.95mm_HandSolder",3.325949,-2.957402,0.000000,top
"C16","18pF","C_0603_1608Metric_Pad1.08x0.95mm_HandSolder",2.504374,-3.233406,-90.000000,top
"C17","10nF","C_0603_1608Metric_Pad1.08x0.95mm_HandSolder",3.197268,-2.789449,0.000000,top
"C18","18pF","C_0603_1608Metric_Pad1.08x0.95mm_HandSolder",2.564374,-3.233406,-90.000000,top
"C19","10nF","C_0603_1608Metric_Pad1.08x0.95mm_HandSolder",2.394374,-3.976850,0.000000,top
"C20","10uF","C_0603_1608Metric_Pad1.08x0.95mm_HandSolder",2.394374,-4.036850,0.000000,top
"C21","10uF","C_0603_1608Metric_Pad1.08x0.95mm_HandSolder",2.719374,-3.541850,90.000000,top
"C22","10nF","C_0603_1608Metric_Pad1.08x0.95mm_HandSolder",3.163567,-4.151850,180.000000,top
"C23","20pF","C_0603_1608Metric_Pad1.08x0.95mm_HandSolder",3.336992,-4.064803,0.000000,top
"C24","20pF","C_0603_1608Metric_Pad1.08x0.95mm_HandSolder",3.325949,-3.744803,0.000000,top
"C25","18pF","C_0603_1608Metric_Pad1.08x0.95mm_HandSolder",2.504374,-4.020807,-90.000000,top
"C26","10nF","C_0603_1608Metric_Pad1.08x0.95mm_HandSolder",3.197268,-3.576850,0.000000,top
"C27","18pF","C_0603_1608Metric_Pad1.08x0.95mm_HandSolder",2.564374,-4.020807,-90.000000,top
"C28","10nF","C_0603_1608Metric_Pad1.08x0.95mm_HandSolder",2.394374,-4.764252,0.000000,top
"C29","10uF","C_0603_1608Metric_Pad1.08x0.95mm_HandSolder",2.394374,-4.824252,0.000000,top
"C30","10uF","C_0603_1608Metric_Pad1.08x0.95mm_HandSolder",2.719374,-4.329252,90.000000,top
"C31","10nF","C_0603_1608Metric_Pad1.08x0.95mm_HandSolder",3.163567,-4.939252,180.000000,top
"C32","20pF","C_0603_1608Metric_Pad1.08x0.95mm_HandSolder",3.336992,-4.852205,0.000000,top
"C33","20pF","C_0603_1608Metric_Pad1.08x0.95mm_HandSolder",3.325949,-4.532205,0.000000,top
"C34","18pF","C_0603_1608Metric_Pad1.08x0.95mm_HandSolder",2.504374,-4.808209,-90.000000,top
"C35","10nF","C_0603_1608Metric_Pad1.08x0.95mm_HandSolder",3.197268,-4.364252,0.000000,top
"C36","18pF","C_0603_1608Metric_Pad1.08x0.95mm_HandSolder",2.564374,-4.808209,-90.000000,top
"C37","10nF","C_0603_1608Metric_Pad1.08x0.95mm_HandSolder",2.394374,-5.551654,0.000000,top
"C38","10uF","C_0603_1608Metric_Pad1.08x0.95mm_HandSolder",2.394374,-5.611654,0.000000,top
"C39","10uF","C_0603_1608Metric_Pad1.08x0.95mm_HandSolder",2.719374,-5.116654,90.000000,top
"C40","10nF","C_0603_1608Metric_Pad1.08x0.95mm_HandSolder",3.163567,-5.726654,180.000000,top
"C41","20pF","C_0603_1608Metric_Pad1.08x0.95mm_HandSolder",3.336992,-5.639606,0.000000,top
"C42","20pF","C_0603_1608Metric_Pad1.08x0.95mm_HandSolder",3.325949,-5.319606,0.000000,top
"C43","18pF","C_0603_1608Metric_Pad1.08x0.95mm_HandSolder",2.504374,-5.595610,-90.000000,top
"C44","10nF","C_0603_1608Metric_Pad1.08x0.95mm_HandSolder",3.197268,-5.151654,0.000000,top
"C45","18pF","C_0603_1608Metric_Pad1.08x0.95mm_HandSolder",2.564374,-5.595610,-90.000000,top
"D1","LEDG","LED_0603_1608Metric_Pad1.05x0.95mm_HandSolder",3.004925,-1.942047,180.000000,top
"D2","LEDB","LED_0603_1608Metric_Pad1.05x0.95mm_HandSolder",3.004374,-2.002047,180.000000,top
"D3","LEDR","LED_0603_1608Metric_Pad1.05x0.95mm_HandSolder",2.673449,-2.512047,0.000000,top
"D4","LEDG","LED_0603_1608Metric_Pad1.05x0.95mm_HandSolder",3.004925,-2.729449,180.000000,top
"D5","LEDB","LED_0603_1608Metric_Pad1.05x0.95mm_HandSolder",3.004374,-2.789449,180.000000,top
"D6","LEDR","LED_0603_1608Metric_Pad1.05x0.95mm_HandSolder",2.673449,-3.299449,0.000000,top
"D7","LEDG","LED_0603_1608Metric_Pad1.05x0.95mm_HandSolder",3.004925,-3.516850,180.000000,top
"D8","LEDB","LED_0603_1608Metric_Pad1.05x0.95mm_HandSolder",3.004374,-3.576850,180.000000,top
"D9","LEDR","LED_0603_1608Metric_Pad1.05x0.95mm_HandSolder",2.673449,-4.086850,0.000000,top
"D10","LEDG","LED_0603_1608Metric_Pad1.05x0.95mm_HandSolder",3.004925,-4.304252,180.000000,top
"D11","LEDB","LED_0603_1608Metric_Pad1.05x0.95mm_HandSolder",3.004374,-4.364252,180.000000,top
"D12","LEDR","LED_0603_1608Metric_Pad1.05x0.95mm_HandSolder",2.673449,-4.874252,0.000000,top
"D13","LEDG","LED_0603_1608Metric_Pad1.05x0.95mm_HandSolder",3.004925,-5.091654,180.000000,top
"D14","LEDB","LED_0603_1608Metric_Pad1.05x0.95mm_HandSolder",3.004374,-5.151654,180.000000,top
"D15","LEDR","LED_0603_1608Metric_Pad1.05x0.95mm_HandSolder",2.673449,-5.661654,0.000000,top
"J1","Conn_01x04","PinHeader_1x04_P2.54mm_Vertical",2.419374,-2.612047,90.000000,top
"J3","Conn_01x05","Harwin_M20-89005xx_1x05_P2.54mm_Horizontal",4.019374,-2.292047,0.000000,top
"J4","Conn_01x04","PinHeader_1x04_P2.54mm_Vertical",2.419374,-3.399449,90.000000,top
"J6","Conn_01x05","Harwin_M20-89005xx_1x05_P2.54mm_Horizontal",4.019374,-3.079449,0.000000,top
"J7","Conn_01x04","PinHeader_1x04_P2.54mm_Vertical",2.419374,-4.186850,90.000000,top
"J9","Conn_01x05","Harwin_M20-89005xx_1x05_P2.54mm_Horizontal",4.019374,-3.866850,0.000000,top
"J10","Conn_01x04","PinHeader_1x04_P2.54mm_Vertical",2.419374,-4.974252,90.000000,top
"J12","Conn_01x05","Harwin_M20-89005xx_1x05_P2.54mm_Horizontal",4.019374,-4.654252,0.000000,top
"J13","Conn_01x04","PinHeader_1x04_P2.54mm_Vertical",2.419374,-5.761654,90.000000,top
"J15","Conn_01x05","Harwin_M20-89005xx_1x05_P2.54mm_Horizontal",4.019374,-5.441654,0.000000,top
"P1","USB_C_Receptacle_USB2.0","USB_C_Receptacle_GCT_USB4105-xx-A_16P_TopMnt_Horizontal",2.139965,-2.292756,-90.000000,top
"P2","USB_C_Receptacle_USB2.0","USB_C_Receptacle_GCT_USB4105-xx-A_16P_TopMnt_Horizontal",2.139965,-3.080157,-90.000000,top
"P3","USB_C_Receptacle_USB2.0","USB_C_Receptacle_GCT_USB4105-xx-A_16P_TopMnt_Horizontal",2.139965,-3.867559,-90.000000,top
"P4","USB_C_Receptacle_USB2.0","USB_C_Receptacle_GCT_USB4105-xx-A_16P_TopMnt_Horizontal",2.139965,-4.654961,-90.000000,top
"P5","USB_C_Receptacle_USB2.0","USB_C_Receptacle_GCT_USB4105-xx-A_16P_TopMnt_Horizontal",2.139965,-5.442362,-90.000000,top
"R1","5K1","R_0603_1608Metric_Pad0.98x0.95mm_HandSolder",2.183075,-1.998661,180.000000,top
"R2","10K","R_0603_1608Metric_Pad0.98x0.95mm_HandSolder",3.163567,-2.517047,0.000000,top
"R3","10K","R_0603_1608Metric_Pad0.98x0.95mm_HandSolder",2.968449,-2.617047,180.000000,top
"R4","10K","R_0603_1608Metric_Pad0.98x0.95mm_HandSolder",3.163449,-2.642047,0.000000,top
"R5","100","R_0603_1608Metric_Pad0.98x0.95mm_HandSolder",2.750299,-2.152047,0.000000,top
"R6","1K5","R_0603_1608Metric_Pad0.98x0.95mm_HandSolder",2.874000,-1.942047,0.000000,top
"R7","1K5","R_0603_1608Metric_Pad0.98x0.95mm_HandSolder",2.874000,-2.002047,0.000000,top
"R8","470","R_0603_1608Metric_Pad0.98x0.95mm_HandSolder",2.673449,-2.452047,0.000000,top
"R9","4K7","R_0603_1608Metric_Pad0.98x0.95mm_HandSolder",3.338449,-2.579685,180.000000,top
"R10","4K7","R_0603_1608Metric_Pad0.98x0.95mm_HandSolder",3.338449,-2.642047,0.000000,top
"R11","10K","R_0603_1608Metric_Pad0.98x0.95mm_HandSolder",3.195299,-1.942047,180.000000,top
"R12","33","R_0603_1608Metric_Pad0.98x0.95mm_HandSolder",2.461815,-2.260866,180.000000,top
"R13","33","R_0603_1608Metric_Pad0.98x0.95mm_HandSolder",2.461815,-2.320866,180.000000,top
"R14","5K1","R_0603_1608Metric_Pad0.98x0.95mm_HandSolder",2.183075,-1.940000,180.000000,top
"R15","1K5","R_0603_1608Metric_Pad0.98x0.95mm_HandSolder",2.586224,-2.299449,90.000000,top
"R16","5K1","R_0603_1608Metric_Pad0.98x0.95mm_HandSolder",2.183075,-2.786063,180.000000,top
"R17","10K","R_0603_1608Metric_Pad0.98x0.95mm_HandSolder",3.163567,-3.304449,0.000000,top
"R18","10K","R_0603_1608Metric_Pad0.98x0.95mm_HandSolder",2.968449,-3.404449,180.000000,top
"R19","10K","R_0603_1608Metric_Pad0.98x0.95mm_HandSolder",3.163449,-3.429449,0.000000,top
"R20","100","R_0603_1608Metric_Pad0.98x0.95mm_HandSolder",2.750299,-2.939449,0.000000,top
"R21","1K5","R_0603_1608Metric_Pad0.98x0.95mm_HandSolder",2.874000,-2.729449,0.000000,top
"R22","1K5","R_0603_1608Metric_Pad0.98x0.95mm_HandSolder",2.874000,-2.789449,0.000000,top
"R23","470","R_0603_1608Metric_Pad0.98x0.95mm_HandSolder",2.673449,-3.239449,0.000000,top
"R24","4K7","R_0603_1608Metric_Pad0.98x0.95mm_HandSolder",3.338449,-3.367087,180.000000,top
"R25","4K7","R_0603_1608Metric_Pad0.98x0.95mm_HandSolder",3.338449,-3.429449,0.000000,top
"R26","10K","R_0603_1608Metric_Pad0.98x0.95mm_HandSolder",3.195299,-2.729449,180.000000,top
"R27","33","R_0603_1608Metric_Pad0.98x0.95mm_HandSolder",2.461815,-3.048268,180.000000,top
"R28","33","R_0603_1608Metric_Pad0.98x0.95mm_HandSolder",2.461815,-3.108268,180.000000,top
"R29","5K1","R_0603_1608Metric_Pad0.98x0.95mm_HandSolder",2.183075,-2.727402,180.000000,top
"R30","1K5","R_0603_1608Metric_Pad0.98x0.95mm_HandSolder",2.586224,-3.086850,90.000000,top
"R31","5K1","R_0603_1608Metric_Pad0.98x0.95mm_HandSolder",2.183075,-3.573465,180.000000,top
"R32","10K","R_0603_1608Metric_Pad0.98x0.95mm_HandSolder",3.163567,-4.091850,0.000000,top
"R33","10K","R_0603_1608Metric_Pad0.98x0.95mm_HandSolder",2.968449,-4.191850,180.000000,top
"R34","10K","R_0603_1608Metric_Pad0.98x0.95mm_HandSolder",3.163449,-4.216850,0.000000,top
"R35","100","R_0603_1608Metric_Pad0.98x0.95mm_HandSolder",2.750299,-3.726850,0.000000,top
"R36","1K5","R_0603_1608Metric_Pad0.98x0.95mm_HandSolder",2.874000,-3.516850,0.000000,top
"R37","1K5","R_0603_1608Metric_Pad0.98x0.95mm_HandSolder",2.874000,-3.576850,0.000000,top
"R38","470","R_0603_1608Metric_Pad0.98x0.95mm_HandSolder",2.673449,-4.026850,0.000000,top
"R39","4K7","R_0603_1608Metric_Pad0.98x0.95mm_HandSolder",3.338449,-4.154488,180.000000,top
"R40","4K7","R_0603_1608Metric_Pad0.98x0.95mm_HandSolder",3.338449,-4.216850,0.000000,top
"R41","10K","R_0603_1608Metric_Pad0.98x0.95mm_HandSolder",3.195299,-3.516850,180.000000,top
"R42","33","R_0603_1608Metric_Pad0.98x0.95mm_HandSolder",2.461815,-3.835669,180.000000,top
"R43","33","R_0603_1608Metric_Pad0.98x0.95mm_HandSolder",2.461815,-3.895669,180.000000,top
"R44","5K1","R_0603_1608Metric_Pad0.98x0.95mm_HandSolder",2.183075,-3.514803,180.000000,top
"R45","1K5","R_0603_1608Metric_Pad0.98x0.95mm_HandSolder",2.586224,-3.874252,90.000000,top
"R46","5K1","R_0603_1608Metric_Pad0.98x0.95mm_HandSolder",2.183075,-4.360866,180.000000,top
"R47","10K","R_0603_1608Metric_Pad0.98x0.95mm_HandSolder",3.163567,-4.879252,0.000000,top
"R48","10K","R_0603_1608Metric_Pad0.98x0.95mm_HandSolder",2.968449,-4.979252,180.000000,top
"R49","10K","R_0603_1608Metric_Pad0.98x0.95mm_HandSolder",3.163449,-5.004252,0.000000,top
"R50","100","R_0603_1608Metric_Pad0.98x0.95mm_HandSolder",2.750299,-4.514252,0.000000,top
"R51","1K5","R_0603_1608Metric_Pad0.98x0.95mm_HandSolder",2.874000,-4.304252,0.000000,top
"R52","1K5","R_0603_1608Metric_Pad0.98x0.95mm_HandSolder",2.874000,-4.364252,0.000000,top
"R53","470","R_0603_1608Metric_Pad0.98x0.95mm_HandSolder",2.673449,-4.814252,0.000000,top
"R54","4K7","R_0603_1608Metric_Pad0.98x0.95mm_HandSolder",3.338449,-4.941890,180.000000,top
"R55","4K7","R_0603_1608Metric_Pad0.98x0.95mm_HandSolder",3.338449,-5.004252,0.000000,top
"R56","10K","R_0603_1608Metric_Pad0.98x0.95mm_HandSolder",3.195299,-4.304252,180.000000,top
"R57","33","R_0603_1608Metric_Pad0.98x0.95mm_HandSolder",2.461815,-4.623071,180.000000,top
"R58","33","R_0603_1608Metric_Pad0.98x0.95mm_HandSolder",2.461815,-4.683071,180.000000,top
"R59","5K1","R_0603_1608Metric_Pad0.98x0.95mm_HandSolder",2.183075,-4.302205,180.000000,top
"R60","1K5","R_0603_1608Metric_Pad0.98x0.95mm_HandSolder",2.586224,-4.661654,90.000000,top
"R61","5K1","R_0603_1608Metric_Pad0.98x0.95mm_HandSolder",2.183075,-5.148268,180.000000,top
"R62","10K","R_0603_1608Metric_Pad0.98x0.95mm_HandSolder",3.163567,-5.666654,0.000000,top
"R63","10K","R_0603_1608Metric_Pad0.98x0.95mm_HandSolder",2.968449,-5.766654,180.000000,top
"R64","10K","R_0603_1608Metric_Pad0.98x0.95mm_HandSolder",3.163449,-5.791654,0.000000,top
"R65","100","R_0603_1608Metric_Pad0.98x0.95mm_HandSolder",2.750299,-5.301654,0.000000,top
"R66","1K5","R_0603_1608Metric_Pad0.98x0.95mm_HandSolder",2.874000,-5.091654,0.000000,top
"R67","1K5","R_0603_1608Metric_Pad0.98x0.95mm_HandSolder",2.874000,-5.151654,0.000000,top
"R68","470","R_0603_1608Metric_Pad0.98x0.95mm_HandSolder",2.673449,-5.601654,0.000000,top
"R69","4K7","R_0603_1608Metric_Pad0.98x0.95mm_HandSolder",3.338449,-5.729291,180.000000,top
"R70","4K7","R_0603_1608Metric_Pad0.98x0.95mm_HandSolder",3.338449,-5.791654,0.000000,top
"R71","10K","R_0603_1608Metric_Pad0.98x0.95mm_HandSolder",3.195299,-5.091654,180.000000,top
"R72","33","R_0603_1608Metric_Pad0.98x0.95mm_HandSolder",2.461815,-5.410472,180.000000,top
"R73","33","R_0603_1608Metric_Pad0.98x0.95mm_HandSolder",2.461815,-5.470472,180.000000,top
"R74","5K1","R_0603_1608Metric_Pad0.98x0.95mm_HandSolder",2.183075,-5.089606,180.000000,top
"R75","1K5","R_0603_1608Metric_Pad0.98x0.95mm_HandSolder",2.586224,-5.449055,90.000000,top
"RST1","RST","SW_Push_SPST_NO_Alps_SKRK",3.379374,-1.982047,180.000000,top
"RST2","RST","SW_Push_SPST_NO_Alps_SKRK",3.379374,-2.769449,180.000000,top
"RST3","RST","SW_Push_SPST_NO_Alps_SKRK",3.379374,-3.556850,180.000000,top
"RST4","RST","SW_Push_SPST_NO_Alps_SKRK",3.379374,-4.344252,180.000000,top
"RST5","RST","SW_Push_SPST_NO_Alps_SKRK",3.379374,-5.131654,180.000000,top
"U1","AMS1117-3.3","SOT-223-3_TabPin2",2.504374,-2.082047,0.000000,top
"U2","STM32F103CBTx","LQFP-48_7x7mm_P0.5mm",2.949374,-2.337047,180.000000,top
"U3","AMS1117-3.3","SOT-223-3_TabPin2",2.504374,-2.869449,0.000000,top
"U4","STM32F103CBTx","LQFP-48_7x7mm_P0.5mm",2.949374,-3.124449,180.000000,top
"U5","AMS1117-3.3","SOT-223-3_TabPin2",2.504374,-3.656850,0.000000,top
"U6","STM32F103CBTx","LQFP-48_7x7mm_P0.5mm",2.949374,-3.911850,180.000000,top
"U7","AMS1117-3.3","SOT-223-3_TabPin2",2.504374,-4.444252,0.000000,top
"U8","STM32F103CBTx","LQFP-48_7x7mm_P0.5mm",2.949374,-4.699252,180.000000,top
"U9","AMS1117-3.3","SOT-223-3_TabPin2",2.504374,-5.231654,0.000000,top
"U10","STM32F103CBTx","LQFP-48_7x7mm_P0.5mm",2.949374,-5.486654,180.000000,top
"Y1","8MHz","Crystal_SMD_5032-2Pin_5.0x3.2mm",3.314374,-2.327047,90.000000,top
"Y2","8MHz","Crystal_SMD_5032-2Pin_5.0x3.2mm",3.314374,-3.114449,90.000000,top
"Y3","8MHz","Crystal_SMD_5032-2Pin_5.0x3.2mm",3.314374,-3.901850,90.000000,top
"Y4","8MHz","Crystal_SMD_5032-2Pin_5.0x3.2mm",3.314374,-4.689252,90.000000,top
"Y5","8MHz","Crystal_SMD_5032-2Pin_5.0x3.2mm",3.314374,-5.476654,90.000000,top
