Ref,Val,Package,PosX,PosY,Rot,Side
"C1","10nF","C_0603_1608Metric_Pad1.08x0.95mm_HandSolder",110.617000,-112.776000,0.000000,top
"C2","10uF","C_0603_1608Metric_Pad1.08x0.95mm_HandSolder",110.617000,-114.300000,0.000000,top
"C3","10uF","C_0603_1608Metric_Pad1.08x0.95mm_HandSolder",118.872000,-101.727000,90.000000,top
"C4","10nF","C_0603_1608Metric_Pad1.08x0.95mm_HandSolder",130.154500,-117.221000,180.000000,top
"C5","20pF","C_0603_1608Metric_Pad1.08x0.95mm_HandSolder",134.559500,-115.010000,0.000000,top
"C6","20pF","C_0603_1608Metric_Pad1.08x0.95mm_HandSolder",134.279000,-106.882000,0.000000,top
"C7","18pF","C_0603_1608Metric_Pad1.08x0.95mm_HandSolder",114.935000,-113.892500,-90.000000,top
"C8","10nF","C_0603_1608Metric_Pad1.08x0.95mm_HandSolder",131.010500,-102.616000,0.000000,top
"C9","18pF","C_0603_1608Metric_Pad1.08x0.95mm_HandSolder",113.411000,-113.892500,-90.000000,top
"D1","LEDB","LED_0603_1608Metric_Pad1.05x0.95mm_HandSolder",126.125000,-101.092000,180.000000,top
"D2","LEDG","LED_0603_1608Metric_Pad1.05x0.95mm_HandSolder",126.111000,-102.616000,180.000000,top
"D3","LEDR","LED_0603_1608Metric_Pad1.05x0.95mm_HandSolder",117.705500,-115.570000,0.000000,top
"J1","Conn_01x04","PinHeader_1x04_P2.54mm_Vertical",111.252000,-118.110000,90.000000,top
"J3","Conn_01x05","Harwin_M20-89005xx_1x05_P2.54mm_Horizontal",151.892000,-109.982000,0.000000,top
"P1","USB_C_Plug_USB2.0","USB_C_Receptacle_GCT_USB4105-xx-A_16P_TopMnt_Horizontal",104.155000,-110.000000,-90.000000,top
"R1","10K","R_0603_1608Metric_Pad0.98x0.95mm_HandSolder",104.671500,-102.489000,180.000000,top
"R2","10K","R_0603_1608Metric_Pad0.98x0.95mm_HandSolder",130.154500,-115.697000,0.000000,top
"R3","10K","R_0603_1608Metric_Pad0.98x0.95mm_HandSolder",125.198500,-118.237000,180.000000,top
"R4","10K","R_0603_1608Metric_Pad0.98x0.95mm_HandSolder",130.151500,-118.872000,0.000000,top
"R5","4K7","R_0603_1608Metric_Pad0.98x0.95mm_HandSolder",119.657500,-106.426000,0.000000,top
"R6","1K5","R_0603_1608Metric_Pad0.98x0.95mm_HandSolder",122.799500,-101.092000,0.000000,top
"R7","1K5","R_0603_1608Metric_Pad0.98x0.95mm_HandSolder",122.799500,-102.616000,0.000000,top
"R8","470","R_0603_1608Metric_Pad0.98x0.95mm_HandSolder",117.705500,-114.046000,0.000000,top
"R9","4K7","R_0603_1608Metric_Pad0.98x0.95mm_HandSolder",134.596500,-117.288000,180.000000,top
"R10","4K7","R_0603_1608Metric_Pad0.98x0.95mm_HandSolder",134.596500,-118.872000,0.000000,top
"R11","10K","R_0603_1608Metric_Pad0.98x0.95mm_HandSolder",130.960500,-101.092000,180.000000,top
"R12","33","R_0603_1608Metric_Pad0.98x0.95mm_HandSolder",113.434500,-111.125000,180.000000,top
"R13","33","R_0603_1608Metric_Pad0.98x0.95mm_HandSolder",113.434500,-109.601000,180.000000,top
"RST1","RST","SW_Push_SPST_NO_Alps_SKRK",135.636000,-102.108000,180.000000,top
"U1","AMS1117-3.3","SOT-223-3_TabPin2",113.411000,-104.648000,0.000000,top
"U2","STM32F103CBTx","LQFP-48_7x7mm_P0.5mm",124.714000,-111.125000,180.000000,top
"Y1","8MHz","Crystal_SMD_5032-2Pin_5.0x3.2mm",133.985000,-110.871000,90.000000,top
