"Reference","Value","Footprint","Datasheet","JLCPCB","數量"
"C1, C4, C8","10nF","Capacitor_SMD:C_0603_1608Metric_Pad1.08x0.95mm_HandSolder","~","C57112","3"
"C2, C3","10uF","Capacitor_SMD:C_0603_1608Metric_Pad1.08x0.95mm_HandSolder","~","C19702","2"
"C5, C6","20pF","Capacitor_SMD:C_0603_1608Metric_Pad1.08x0.95mm_HandSolder","~","C1648","2"
"C7, C9","18pF","Capacitor_SMD:C_0603_1608Metric_Pad1.08x0.95mm_HandSolder","~","C1647","2"
"D1","LEDB","LED_SMD:LED_0603_1608Metric_Pad1.05x0.95mm_HandSolder","~","C72041","1"
"D2","LEDG","LED_SMD:LED_0603_1608Metric_Pad1.05x0.95mm_HandSolder","~","C72043","1"
"D3","LEDR","LED_SMD:LED_0603_1608Metric_Pad1.05x0.95mm_HandSolder","~","C2286","1"
"J1","Conn_01x04","Connector_PinHeader_2.54mm:PinHeader_1x04_P2.54mm_Vertical","~","","1"
"J2, J3","Conn_01x05","Connector_Harwin:Harwin_M20-89005xx_1x05_P2.54mm_Horizontal","~","","2"
"P1","USB_C_Plug_USB2.0","Connector_USB:USB_C_Receptacle_GCT_USB4105-xx-A_16P_TopMnt_Horizontal","https://www.usb.org/sites/default/files/documents/usb_type-c.zip","C2927038/C2927029","1"
"R1-R4, R11","10K","Resistor_SMD:R_0603_1608Metric_Pad0.98x0.95mm_HandSolder","~","C25804","5"
"R5, R9, R10","4K7","Resistor_SMD:R_0603_1608Metric_Pad0.98x0.95mm_HandSolder","~","C23162","3"
"R6, R7","1K5","Resistor_SMD:R_0603_1608Metric_Pad0.98x0.95mm_HandSolder","~","C22843","2"
"R8","470","Resistor_SMD:R_0603_1608Metric_Pad0.98x0.95mm_HandSolder","~","C23179","1"
"R12, R13","33","Resistor_SMD:R_0603_1608Metric_Pad0.98x0.95mm_HandSolder","~","C23140","2"
"RST1","RST","Button_Switch_SMD:SW_Push_SPST_NO_Alps_SKRK","~","","1"
"U1","AMS1117-3.3","Package_TO_SOT_SMD:SOT-223-3_TabPin2","http://www.advanced-monolithic.com/pdf/ds1117.pdf","C6186","1"
"U2","STM32F103CBTx","Package_QFP:LQFP-48_7x7mm_P0.5mm","https://www.st.com/resource/en/datasheet/stm32f103cb.pdf","C8304","1"
"Y1","8MHz","Crystal:Crystal_SMD_5032-2Pin_5.0x3.2mm","~","C115962","1"
